{
   "0x00c51738c81624d59925555b8e17a535c585f3ea": 323.57000000000016,
   "0x08561d510d1c878aabdba73925984f31b5515420": 1000,
   "0x0b670928efdfdcc53ce1fde68b020ee0dcf5296c": 15000,
   "0x0e9d0f84cbb63dc7b8a5415d5028c1c98c5fa863": 25000,
   "0x1031d54a01145d2deed14221da54a9b5e18d8336": 25000,
   "0x1078a85bf67600a158d493d5c017eacd95840793": 25000,
   "0x16f679da91394079d96150ece94533d00b272956": 6000,
   "0x18a3d9680a33ee964ae838494022c0542265c1e8": 11000,
   "0x1ab6cc83a8204af1284dd65c0911322a1cf4171f": 9939.240000000002,
   "0x1e107220252f4883c6b260b783afc0406ecfe4be": 10000,
   "0x1e5affac3006faff49e84d56fbc15c81f675169e": 861,
   "0x25069c7161170882cd16f70562dbbd0a9d705497": 1493.58,
   "0x26d747d536230762adcb130d542a752499cf2951": 5000,
   "0x286a602cd241b26dd5a4410f1147e9de37a45db6": 20000,
   "0x2c3021bbbe1a8d50c200f9489b557377ebecdf9a": 25000,
   "0x2f19c3227128627c242c7e88101c6ec99dc6e2fd": 26.653600762489077,
   "0x2a04ca7c1cc73c90cfa72427ec06eb6446b6b9de": 3026.4608545249757,
   "0x3cc3a7fb4d3b3c5021c9a7ffa894da7d3e12e7c7": 25000,
   "0x3e4d6b6c00e8f12b63471df6cc8d8f4aa95eb5a3": 25000,
   "0x413bea3d7f0e923eaf38191e2118794cbfde4be6": 10000,
   "0x42a8a900c2ffbdb9b23baebc27fd3e5c8b923fa1": 10000,
   "0x446fccc3e53d36f54afc222050263bae3b99b4f4": 1991.0820607481887,
   "0x45df7edc15b9583ce9c113a87d8991d3676a55a9": 5.309999999999945,
   "0x47c33803555ef29aa65b735f099293676f4cc11b": 5000,
   "0x4865f4bcf27a3ab91efb1b7d2d97e0700645080a": 7334.114217632281,
   "0x49f25d848125ac3945c14557ef7de12b83f37325": 5000,
   "0x4faabac5f7df5a583ed7bfae4f2dc3f0fbfee5a3": 20000,
   "0x509aabfec6c269be47b30273bd34e6817de7719e": 14312,
   "0x5305cb6fab569d9bfbecb844ab2ac20f93b718ca": 147.81649026000014,
   "0x53baef0a08fff0a4f89acfee897bed4760442dff": 20000,
   "0x5656a9451572bbca0a5c94c07e43d47d158bb2ef": 15000,
   "0x570866568da48898755268239c27e34afa575226": 3743,
   "0x579e88282cfdbfd1cb54fc59fb5042b4beb9a9b2": 6000,
   "0x59369d8f0b46ee1c604004c6383dd48440de5abd": 16000,
   "0x5ee6477a5834e56dabaa87d716bbb60a9d22cb0b": 3000,
   "0x5b34f6d0b4cdaff2a05bda25cac794fe3756154f": 7500,
   "0x5b3dbf9004e01509777329b762ec2332565f12fa": 10000,
   "0x606cd6b47839ba02029891ddccc1cf091b0955f8": 10000,
   "0x6084b60e83715f5f617dd86a332280950e5be06e": 10000,
   "0x60f8260fad16f75056b0fe7d70d12d56d57ea2b3": 2694,
   "0x62509ddddff46b3e998855c618f22ea03523dab4": 25000,
   "0x626e154e37fa1593e91df91114a3d51a770fc0aa": 25000,
   "0x6d93ca206e64c99a0b141024851a6257f576aa11": 25000,
   "0x6d6704cb2cdafb4efdf830eb36fb189802e4c28a": 1986.877178094397,
   "0x727005437e42c09b835625c27eec47a00187bfc2": 2881.6336337600005,
   "0x754a94f2cb3d570c475b6e79b052d4a70d380b19": 360.984051646883,
   "0x79c5c9613b4c7c6031c8a681f0e4be7b7beee79c": 10000,
   "0x7f163d66c5d395fc0ea2cacc49cb1893b64d8e4d": 1000,
   "0x7aa55d3965455d50f779991783fd54178abca185": 20000,
   "0x8b1bb784be727c9c9d8a9016c365f609bbeb5731": 1848.84076873,
   "0x8ad16d445882bdf7ef030198c5aa62cdc6fecd4c": 1317.02348239,
   "0x91dd72d8e2f819eecc3d4f6538e3aad11d7d01cd": 3529.720000000001,
   "0x93102a8e1a43fb5579668ffbcd5d7692a1011bdd": 1994,
   "0x936c07365745260b5ee1dce9bf885e7faff91cbc": 4000,
   "0x9e4e4c791fdd117e83f46d1f48eeda2a08dc37e1": 4000,
   "0xa2613291800e96e7032943d128f31df5bcbc079d": 1324.1500000000005,
   "0xa51e414d68ec65e78cb10c77979b0a9053ad5c58": 10000,
   "0xa5e1f590602e4600023d9b1576c7fc0f97eea143": 16000,
   "0xb82c19f0d147ed33d0b44647cfa6c7a82d4fc95e": 850,
   "0xb886a4208698cdc340217b123afa30b42869c70a": 2739.5,
   "0xbac8424b1d910528ba0381947f864cafaef7d0ff": 6000,
   "0xbce4118b77f3c5ddf790057ab40b682c070f6360": 5000,
   "0xc13b3d9c6fcdf722239292a19d99bb06c8bd0cbf": 25000,
   "0xc8fb7aca6b31dc905647d31ac0383f5b30d9be31": 7866.075,
   "0xcb10708d18fea6e11cde9744dd15670a2490fb83": 3000,
   "0xcdedcee9c46284667997eb4d29f8427b696da3df": 500.71000000000004,
   "0xd335e1b1edb5b92df2d1c1112d1be08f34d912bd": 0.7070236541221675,
   "0xd378ca5fffaa6701c2ae9a71120d702cc303c7e5": 20000,
   "0xd40bcb50b2099fc59231d4a19f61cc29b4a35301": 2489,
   "0xda8d95cdf11792975190f8b1d6e5431746c71926": 10000,
   "0xdfebf820bbbf2e90a15c92d815b5d8e10823976f": 25000,
   "0xdc679fa89b3cfc0ce59f4959f8658f47cd1b2d39": 5000,
   "0xe10a204ef7119f8abe59bdd3f41e81126b65b06c": 20000,
   "0xe4bb346c51c313a0c679dbca0d0c3ecbb9a90a56": 5999,
   "0xe5baf8f392f78b74283ec0efa0ed64309061e5eb": 25000,
   "0xf61d6ef1b671997ea110d2a24f484b35430e1ecf": 4000,
   "0xa3ea91b1071f08b90241377eb4e229eba48f38cc": 13500,
   "0xa91ae21daf3be62b1849cf56153e339c2a9ba358": 5000,
   "0xb8c06f035f08ac8eaa4491be720cec12b765ddde": 2000,
   "0xccae0d294439b73d94980bf5e7d54a5354b031dd": 10000,
   "0xd06363c5e4674c54771b9be4532b8f147ae89fd6": 5000,
   "0xd32f2e56ee7f03659821d6eca1397a461f3a09c5": 5000,
   "0xd544a04f0afbd375f1f2a935bcd5cb4d80d55a5d": 10000,
   "0xd827e68974edb0735cf3e923b236386887e8336c": 25000,
   "0xdde418ac9e044ee4412990162aba1979a8c9f61a": 1204.826510406645,
   "0xe02702e5ab03a16ae20662d0db2936422e8db53e": 500,
   "0xe5964fd10170c8291cf97552284d995a006e67ae": 9000,
   "0xe6f357e44bb20af17cc49eb86a2051c0995a8b78": 10000,
   "0xe75e427c68b2f757de170275d14ec4a09ded0990": 2.4755586352330283,
   "0xea8c95d00083809d774878fe2f91f276aebbd970": 15000,
   "0xebfb102c347dc05d35b2b9768b3f4b2b411bbc77": 7000,
   "0xf3ef2a78e4a87e7ac44683bc039b4d4151d649b9": 5000,
   "0xf951d90e82e51e27daeda31033feba5c1db2a5e4": 5000,
   "0xecbb91725199a179d9973f095016da9a48cb441b": 9243,
   "0x129c0b9581495d46087c9b04df06652691e93cba": 3500,
   "0xe45f432cacf24b58384715205645b334968079ce": 3270.424377417534,
   "0x002b420674797a2da74ab6a262aebdea2ca64b7a": 2000,
   "0x0199be12d6f574db4a55b061653bec89bff62af7": 3000,
   "0x02e41527e4019084618a6e8db012949da0385e0f": 2450,
   "0x04d37663e97a423d6928ea338bc2b5abfc1f487f": 5500,
   "0x061c5c24019eb5db75fd023e5c23da82ddfdd136": 2500,
   "0x0d559e6fc208cc7e6bb62308096935cc800aa7c8": 7000,
   "0x0f2b235d902800c19214f5d35ba6ce5ed74ecaf1": 4500,
   "0x0d2fc9722241ee0fe855beeb818ad1b3dde82410": 3000,
   "0x0e5a0edb4fa2386b11c6d3f2529eebe6f97a3fae": 1592,
   "0x0fc4c4186ff19d1998a66ea6b382b176bebfa315": 6500,
   "0x10913914db02acca63dbc437f56ebf2e7a2f1a04": 5304.28501693,
   "0x117f704752aa4919cc1bd1818735607e68216cad": 9000,
   "0x14d30acfdca98cc2c5e81c591e4d7a2c02348e7c": 33.953936776539194,
   "0x17b9c274776285b080a02cddcf042cd9b84d9ea8": 5000,
   "0x18f440c8225b66b4a0c074b6ec6ba88c91c26189": 11000,
   "0x19a53c7d229a5ef3abc4d8ca77a1c563225161c8": 8500,
   "0x1a0f3b5e6a376877f63e830805e6ca7ee2af1ba4": 5000,
   "0x1e2fce2e2a821c254fc4e53b373586af07ed0008": 8000,
   "0x2130244eab7332eca567cf5906166b117d36e844": 5000,
   "0x22823d5543e79f22809517778211fbf57c54ac3b": 2000,
   "0x22c8848cf1ffffbd34eaa4eb939e2cd4254b245f": 11500,
   "0x2649bd829e37463b27135d6b11ba75fe0fb24108": 1000,
   "0x269da24fafb0e3855fad93d8ed6c43d6ac2fdb25": 12000,
   "0x281a0ec0a602eb9c9b92a6711941f9d8e93fbb0f": 2500,
   "0x281b9574800d4cfeb769ec72d77b7f2129d2111a": 6500,
   "0x282348138d45c10a8232c8e0dc3cd1fa2d2fe6d0": 729.9999999999995,
   "0x29c0991ff309f32bd27d46228ec3776d15b64115": 9000,
   "0x2b5beb1a7e4c1ae1022b8152ee342c9862c3c187": 6411.81671777406,
   "0x2a9f21b6dfcc973326b67800e97e74493d5141a3": 5000,
   "0x2ca079f666466cbe8deba6dcf45e70a053ac9733": 6000,
   "0x2ce1a66f22a2dc6e410d9021d57aeb8d13d6bfef": 1002,
   "0x2d4eb91cddea03a2a55ccca343147eca764076e2": 10500,
   "0x3448ec6462804aec79561a8b379399141e22a734": 13500,
   "0x35cbe900fb6c0b18a60f05820f0458f6a9b17d60": 369.7846670000763,
   "0x36656ee1156055d7dcbecb957d9ce669fdc9067b": 9000,
   "0x36c24f0fa5dfd66eff285b5b2f668bfa4f55dfce": 12000,
   "0x36b3a78e141e0a9bb5dff96a7963a916629190a0": 5500,
   "0x393038b92001a2b4df125f4bc891cb41fd4141db": 4500,
   "0x397b3e79a5cbe08857e32a9e7e84c14c80668e37": 5500,
   "0x3e53154e981dc221685d5d36b5b8a33a09f3299c": 9000,
   "0x3bcebe8433e40dca5081ffe2f0b7af0fa86f2c76": 5950,
   "0x407d6a41a7c2c18d735402f057a5d7469ec6c8d4": 2853.29,